종목명,종목코드,전일가
동화약품,000020,14600
KR모터스,000040,865
경방,000050,13750
메리츠화재,000060,33550
삼양홀딩스,000070,98200
삼양홀딩스우,000075,69000
하이트진로,000080,30150
하이트진로2우B,000087,19100
유한양행,000100,62100
유한양행우,000105,59100
CJ대한통운,000120,126000
하이트진로홀딩스,000140,12200
하이트진로홀딩스우,000145,15300
두산,000150,118000
두산우,000155,80200
두산2우B,000157,102500
성창기업지주,000180,2445
DL,000210,60900
DL우,000215,37000
유유제약,000220,7810
유유제약1우,000225,9680
유유제약2우B,000227,18000
일동홀딩스,000230,14800
한국앤컴퍼니,000240,15700
기아,000270,82200
대유플러스,000300,1315
노루홀딩스,000320,12750
노루홀딩스우,000325,37650
한화손해보험,000370,3710
삼화페인트,000390,9230
롯데손해보험,000400,1620
대원강업,000430,3730
조선내화,000480,81000
대동,000490,10100
가온전선,000500,23800
삼일제약,000520,8340
흥국화재,000540,3600
흥국화재우,000545,8070
흥국화재2우B,000547,27700
CS홀딩스,000590,64100
동아쏘시오홀딩스,000640,115000
천일고속,000650,67300
SK하이닉스,000660,131000
영풍,000670,655000
LS네트웍스,000680,3010
유수홀딩스,000700,6300
현대건설,000720,44450
현대건설우,000725,73600
이화산업,000760,15550
삼성화재,000810,202000
삼성화재우,000815,159000
화천기공,000850,34250
강남제비스코,000860,24950
한화,000880,31400
한화우,000885,38700
한화3우B,00088K,16000
보해양조,000890,905
유니온,000910,7540
전방,000950,40200
한국주철관,000970,9100
DB하이텍,000990,72700
DB하이텍1우,000995,102000
페이퍼코리아,001020,1605
CJ,001040,83400
CJ우,001045,53800
CJ4우(전환),00104K,70500
JW중외제약,001060,22800
JW중외제약우,001065,34000
JW중외제약2우B,001067,60500
대한방직,001070,49400
만호제강,001080,23050
LX인터내셔널,001120,26450
대한제분,001130,154500
국보,001140,1570
유진투자증권,001200,3595
금호전기,001210,3540
동국제강,001230,15900
GS글로벌,001250,2370
남광토건,001260,13900
부국증권,001270,24450
부국증권우,001275,21950
상상인증권,001290,1165
백광산업,001340,5160
삼성제약,001360,4925
SG글로벌,001380,1830
KG케미칼,001390,30750
태원물산,001420,5820
세아베스틸,001430,19900
대한전선,001440,1780
현대해상,001450,22950
BYC,001460,450500
BYC우,001465,184500
삼부토건,001470,2325
현대차증권,001500,12350
SK증권,001510,1000
SK증권우,001515,3950
동양,001520,1465
동양우,001525,7930
동양2우B,001527,15800
동양3우B,001529,32400
DI동일,001530,277000
조비,001550,21050
제일연마,001560,8720
금양,001570,4905
케이비아이동국실업,001620,810
종근당홀딩스,001630,76500
대상,001680,23300
대상우,001685,17150
신영증권,001720,60000
신영증권우,001725,60100
SK네트웍스,001740,5020
SK네트웍스우,001745,83200
한양증권,001750,15700
한양증권우,001755,19400
SHD,001770,29950
알루코,001780,3410
대한제당,001790,3020
대한제당우,001795,3190
오리온홀딩스,001800,15950
삼화콘덴서,001820,60200
DL건설,001880,27150
KISCO홀딩스,001940,14550
코오롱,002020,33050
코오롱우,002025,20800
아세아,002030,128000
비비안,002070,2965
경농,002100,12250
고려산업,002140,2910
도화엔지니어링,002150,7650
삼양통상,002170,58000
한국수출포장,002200,25500
동성제약,002210,8380
한일철강,002220,2675
고려제강,002240,19450
롯데푸드,002270,344500
아세아제지,002310,52600
한진,002320,30100
넥센타이어,002350,6820
넥센타이어1우B,002355,3265
SH에너지화학,002360,973
KCC,002380,315000
한독,002390,22800
범양건영,002410,6510
세기상사,002420,10600
삼익악기,002450,1825
화성산업,002460,12600
조흥,002600,188000
제일파마홀딩스,002620,16000
오리엔트바이오,002630,1220
동일제강,002690,2850
신일전자,002700,2115
TCC스틸,002710,9680
국제약품,002720,6140
보락,002760,1980
진흥기업,002780,2180
진흥기업우B,002785,5930
진흥기업2우B,002787,14400
아모레G,002790,44350
아모레G우,002795,16900
아모레G3우(전환),00279K,33500
삼영무역,002810,14450
SUN&L,002820,5000
미원상사,002840,203500
신풍제지,002870,2215
대유에이텍,002880,1295
TYM,002900,1765
유성기업,002920,3195
한국쉘석유,002960,257500
금호건설,002990,11600
금호건설우,002995,31050
부광약품,003000,12900
혜인,003010,5710
세아제강지주,003030,103000
에이프로젠제약,003060,905
코오롱글로벌,003070,22600
코오롱글로벌우,003075,30300
성보화학,003080,3980
대웅,003090,31050
일성신약,003120,73800
디아이,003160,9360
일신방직,003200,107000
대원제약,003220,16650
삼양식품,003230,94800
태광산업,003240,1043000
흥아해운,003280,2700
한일홀딩스,003300,13500
한국화장품제조,003350,25800
쌍용C&E,003410,7710
유화증권,003460,2700
유화증권우,003465,2690
유안타증권,003470,4020
유안타증권우,003475,4070
한진중공업홀딩스,003480,4165
대한항공,003490,29350
대한항공우,003495,37300
영진약품,003520,5290
한화투자증권,003530,6390
한화투자증권우,003535,13300
대신증권,003540,18650
대신증권우,003545,15850
대신증권2우B,003547,15150
LG,003550,80900
LG우,003555,63600
IHQ,003560,1475
SNT중공업,003570,8960
넥스트사이언스,003580,21800
방림,003610,2635
쌍용차,003620,2770
미창석유,003650,79000
포스코케미칼,003670,144000
한성기업,003680,6430
코리안리,003690,9250
삼영화학,003720,3000
진양산업,003780,8370
대한화섬,003830,124000
보령제약,003850,14600
남양유업,003920,407000
남양유업우,003925,199500
사조대림,003960,25250
롯데정밀화학,004000,75000
현대제철,004020,41000
SG세계물산,004060,684
신흥,004080,16150
한국석유,004090,11300
태양금속,004100,1335
태양금속우,004105,2470
동방,004140,4025
한솔홀딩스,004150,3550
신세계,004170,254000
NPC,004250,10500
NPC우,004255,4315
남성,004270,3135
현대약품,004310,5950
세방,004360,11950
세방우,004365,7200
농심,004370,318500
삼익THK,004380,13100
서울식품,004410,330
서울식품우,004415,3945
송원산업,004430,21450
삼일씨엔에스,004440,9250
삼화왕관,004450,43500
세방전지,004490,75900
깨끗한나라,004540,4095
깨끗한나라우,004545,22850
현대비앤지스틸,004560,16450
현대비앤지스틸우,004565,73400
삼천리,004690,90800
조광피혁,004700,54600
한솔테크닉스,004710,7810
팜젠사이언스,004720,10500
써니전자,004770,4660
효성,004800,94700
덕성,004830,15100
덕성우,004835,17000
DRB동일,004840,5260
티웨이홀딩스,004870,981
동일산업,004890,149000
조광페인트,004910,8770
씨아이테크,004920,1525
한신공영,004960,15700
신라교역,004970,13400
성신양회,004980,16550
성신양회우,004985,17600
롯데지주,004990,29900
롯데지주우,00499K,47400
휴스틸,005010,14550
부산주공,005030,591
코스모신소재,005070,46150
SGC에너지,005090,47300
한창,005110,1015
빙그레,005180,53200
녹십자홀딩스,005250,27150
녹십자홀딩스2우,005257,50500
롯데칠성,005300,133500
롯데칠성우,005305,69900
국동,005320,2735
모나미,005360,4625
현대차,005380,209000
현대차우,005385,98500
현대차2우B,005387,101000
현대차3우B,005389,93300
신성통상,005390,3395
코스모화학,005420,16100
한국공항,005430,43850
현대그린푸드,005440,8570
POSCO,005490,274500
삼진제약,005500,26300
SPC삼립,005610,70800
삼영전자,005680,11400
파미셀,005690,13050
넥센,005720,4560
넥센우,005725,3335
크라운해태홀딩스,005740,8580
크라운해태홀딩스우,005745,12850
대림B&Co,005750,7360
신영와코루,005800,118500
풍산홀딩스,005810,28300
원림,005820,19300
DB손해보험,005830,54000
에스엘,005850,31200
휴니드,005870,8590
대한해운,005880,2640
삼성전자,005930,78300
삼성전자우,005935,71200
NH투자증권,005940,12500
NH투자증권우,005945,11650
이수화학,005950,14550
동부건설,005960,14600
동부건설우,005965,40200
동원산업,006040,227000
화승인더,006060,6100
사조오양,006090,9330
삼아알미늄,006110,27000
SK디스커버리,006120,46400
SK디스커버리우,006125,36300
한국전자홀딩스,006200,2180
제주은행,006220,6130
LS,006260,54100
녹십자,006280,218000
대원전선,006340,1770
대원전선우,006345,2960
GS건설,006360,39600
대구백화점,006370,11650
카프로,006380,4790
한일현대시멘트,006390,33300
삼성SDI,006400,655000
삼성SDI우,006405,346500
인스코비,006490,3160
대림통상,006570,3525
대한유화,006650,183000
삼성공조,006660,16800
영풍제지,006740,7580
미래에셋증권,006800,8650
미래에셋증권우,006805,5660
미래에셋증권2우B,00680K,4635
AK홀딩스,006840,19300
신송홀딩스,006880,5190
태경케미컬,006890,12350
우성,006980,28000
GS리테일,007070,30400
일신석재,007110,2250
미래아이앤지,007120,470
사조산업,007160,47350
벽산,007210,3915
한국특강,007280,3415
오뚜기,007310,456000
디티알오토모티브,007340,71800
에이프로젠 MED,007460,1685
샘표,007540,42650
일양약품,007570,28050
일양약품우,007575,28750
동방아그로,007590,7270
선도전기,007610,3590
폴루스바이오팜,007630,1225
이수페타시스,007660,7310
국도화학,007690,56500
F&F홀딩스,007700,33300
코리아써키트,007810,31200
코리아써우,007815,8760
코리아써키트2우B,00781K,9770
서연,007860,12300
태평양물산,007980,2275
사조동아원,008040,1110
대덕,008060,8060
대덕1우,00806K,10500
대동전자,008110,8400
이건산업,008250,11450
NI스틸,008260,3375
남선알미늄,008350,2485
남선알미우,008355,22200
문배철강,008420,3830
서흥,008490,44200
일정실업,008500,36400
메리츠증권,008560,5150
윌비스,008600,1685
아남전자,008700,2400
율촌화학,008730,27250
호텔신라,008770,78000
호텔신라우,008775,76700
금비,008870,65000
한미사이언스,008930,54200
동양철관,008970,1285
KCTC,009070,6220
경인전자,009140,36800
삼성전기,009150,197500
삼성전기우,009155,105000
SIMPAC,009160,6410
한솔로지스틱스,009180,3930
대양금속,009190,4880
무림페이퍼,009200,2500
한샘,009240,92600
신원,009270,2920
신원우,009275,41050
광동제약,009290,7430
참엔지니어링,009310,1280
대우부품,009320,2465
태영건설,009410,10500
태영건설우,009415,12200
한올바이오파마,009420,21050
KC그린홀딩스,009440,4475
경동나비엔,009450,54900
한창제지,009460,2050
삼화전기,009470,30700
한국조선해양,009540,94600
무림P&P,009580,4335
모토닉,009680,10600
삼정펄프,009770,30000
플레이그램,009810,2570
한화솔루션,009830,35500
한화솔루션우,009835,36900
명신산업,009900,30100
영원무역홀딩스,009970,46750
한국내화,010040,3525
우리종금,010050,902
OCI,010060,104000
한국프랜지,010100,2680
LS ELECTRIC,010120,55800
고려아연,010130,511000
삼성중공업,010140,5670
삼성중공우,010145,219000
우진아이엔에스,010400,7120
한솔PNS,010420,1985
지코,010580,1530
웰바이오텍,010600,1765
현대미포조선,010620,70000
진양폴리,010640,6790
화천기계,010660,2665
화신,010690,8320
평화홀딩스,010770,4460
아이에스동서,010780,44250
퍼스텍,010820,2800
S-Oil,010950,85700
S-Oil우,010955,54800
삼호개발,010960,5100
진원생명과학,011000,16200
LG이노텍,011070,364000
에넥스,011090,2625
CJ씨푸드,011150,3800
CJ씨푸드1우,011155,36850
롯데케미칼,011170,217000
HMM,011200,26900
현대위아,011210,79900
삼화전자,011230,4040
태림포장,011280,4375
성안,011300,787
유니켐,011330,1290
부산산업,011390,103500
갤럭시아에스엠,011420,3055
한농화성,011500,16300
와이투솔루션,011690,2440
한신기계,011700,3640
현대코퍼레이션,011760,16800
금호석유,011780,166000
금호석유우,011785,107000
SKC,011790,174500
STX,011810,4100
신성이엔지,011930,2145
DB,012030,950
영흥,012160,1055
아센디오,012170,1370
계양전기,012200,4085
계양전기우,012205,6920
영화금속,012280,1615
경동인베스트,012320,35350
현대모비스,012330,254500
한화에어로스페이스,012450,48000
더존비즈온,012510,73000
센트럴인사이트,012600,2490
경인양행,012610,6940
HDC,012630,10450
모나리자,012690,3885
에스원,012750,73900
대창,012800,1820
세우글로벌,013000,1725
일성건설,013360,6270
화승코퍼레이션,013520,2055
디와이,013570,6540
계룡건설,013580,32600
까뮤이앤씨,013700,2850
지엠비코리아,013870,5930
지누스,013890,77100
한익스프레스,014130,6320
대영포장,014160,2590
금강공업,014280,7820
금강공업우,014285,12950
영보화학,014440,4425
극동유화,014530,3950
태경비케이,014580,5080
한솔케미칼,014680,305500
사조씨푸드,014710,5550
한라,014790,5400
동원시스템즈,014820,51200
동원시스템즈우,014825,33550
유니드,014830,100500
성문전자,014910,2415
성문전자우,014915,8970
인디에프,014990,1310
이스타코,015020,3110
대창단조,015230,7900
에이엔피,015260,2185
부산가스,015350,84400
예스코홀딩스,015360,35800
쎌마테라퓨틱스,015540,6410
큐로,015590,457
한국전력,015760,22100
일진홀딩스,015860,5480
태경산업,015890,6700
대현,016090,2290
삼성증권,016360,44900
KG동부제철,016380,10600
KG동부제철우,016385,95800
한세예스24홀딩스,016450,7420
환인제약,016580,17800
신대양제지,016590,85700
DB금융투자,016610,6580
대성홀딩스,016710,47100
두올,016740,4315
퍼시스,016800,35800
웅진,016880,1710
광명전기,017040,2570
명문제약,017180,4730
우신시스템,017370,4095
서울가스,017390,167500
수산중공업,017550,2935
SK텔레콤,017670,57900
현대엘리베이,017800,41200
풀무원,017810,17300
광전자,017900,3260
E1,017940,48200
한국카본,017960,10750
애경산업,018250,19000
삼성에스디에스,018260,156500
조일알미늄,018470,1980
동원금속,018500,935
SK가스,018670,127500
한온시스템,018880,13450
신풍제약,019170,31950
신풍제약우,019175,40000
티에이치엔,019180,4370
세아특수강,019440,15750
하이트론,019490,4200
대교,019680,3895
대교우B,019685,2740
한섬,020000,35600
키다리스튜디오,020120,15900
일진머티리얼즈,020150,135000
아시아나항공,020560,20000
일진디스플,020760,2535
서원,021050,1945
코웨이,021240,74400
세원정공,021820,8090
삼원강재,023000,3165
MH에탄올,023150,10200
한국종합기술,023350,7150
동남합성,023450,63600
롯데쇼핑,023530,87200
다우기술,023590,22800
인지컨트롤스,023800,15300
인팩,023810,13150
에쓰씨엔지니어링,023960,2995
WISCOM,024070,3450
디씨엠,024090,23300
기업은행,024110,10300
한국콜마홀딩스,024720,19650
대원화성,024890,4115
덕양산업,024900,3305
KPX케미칼,025000,53600
SJM홀딩스,025530,3735
한국단자,025540,76300
미래산업,025560,14050
제이준코스메틱,025620,1030
한솔홈데코,025750,1685
이구산업,025820,3635
남해화학,025860,10500
한국주강,025890,5320
디피씨,026890,14700
부국철강,026940,4265
동서,026960,31000
BGF,027410,5290
마니커,027740,1160
세하,027970,1610
삼성엔지니어링,028050,22900
동아지질,028100,18300
삼성물산,028260,119000
삼성물산우B,02826K,109000
팬오션,028670,5410
케이씨,029460,22850
신도리코,029530,33050
삼성카드,029780,31500
제일기획,030000,22850
KT,030200,30600
KTB투자증권,030210,5190
교보증권,030610,8370
동원수산,030720,9350
비케이탑스,030790,3690
신세계인터내셔날,031430,145500
신세계푸드,031440,81900
콤텍시스템,031820,930
롯데관광개발,032350,17550
황금에스티,032560,8450
LG유플러스,032640,13600
삼성생명,032830,64100
KH 필룩스,033180,2615
자화전자,033240,25050
체시스,033250,1255
유나이티드제약,033270,47350
세종공업,033530,8710
KT&G,033780,79000
무학,033920,8350
두산중공업,034020,20400
SBS,034120,49350
LG디스플레이,034220,24600
신세계건설,034300,34700
NICE,034310,16000
인천도시가스,034590,27150
SK,034730,251000
SK우,03473K,220000
한국토지신탁,034830,2605
지투알,035000,7050
백산,035150,8230
강원랜드,035250,24050
NAVER,035420,378500
신세계 I&C,035510,198500
카카오,035720,112500
제이콘텐트리,036420,54600
한국가스공사,036460,39100
SNT홀딩스,036530,17600
엔씨소프트,036570,643000
팜스코,036580,6130
YG PLUS,037270,7980
LG헬로비전,037560,5560
광주신세계,037710,181000
하나투어,039130,74600
키움증권,039490,107000
HDC랩스,039570,12200
상신브레이크,041650,3880
대우조선해양,042660,23050
현대두산인프라코어,042670,7080
한미반도체,042700,37850
주연테크,044380,1300
KSS해운,044450,11850
코스맥스비티아이,044820,13600
대우건설,047040,5770
포스코인터내셔널,047050,22450
유니온머티리얼,047400,3175
한국항공우주,047810,32450
동원F&B,049770,194500
우진플라임,049800,4570
한전KPS,051600,38550
진양화학,051630,5500
LG생활건강,051900,1097000
LG생활건강우,051905,616000
LG화학,051910,615000
LG화학우,051915,287000
한전기술,052690,85000
스카이라이프,053210,9140
한미글로벌,053690,12150
테이팩스,055490,81400
신한지주,055550,36800
현대홈쇼핑,057050,63400
포스코강판,058430,55000
세아홀딩스,058650,104500
다스코,058730,4875
KTcs,058850,2585
KTis,058860,2540
한라홀딩스,060980,45850
종근당바이오,063160,41800
현대로템,064350,20800
SNT모티브,064960,47050
LG전자,066570,138000
LG전자우,066575,65500
세이브존I&C,067830,2985
셀트리온,068270,198000
삼성출판사,068290,33150
SK렌터카,068400,10250
휴켐스,069260,23150
대호에이엘,069460,3385
KODEX 200,069500,39870
대웅제약,069620,148000
한세엠케이,069640,4025
KOSEF 200,069660,39995
DSR제강,069730,4730
현대백화점,069960,75100
용평리조트,070960,4895
한국금융지주,071050,80700
한국금융지주우,071055,65000
하이스틸,071090,2765
지역난방공사,071320,38750
롯데하이마트,071840,25150
코아스,071950,1115
STX중공업,071970,4740
유엔젤,072130,5270
농심홀딩스,072710,75800
금호타이어,073240,4610
이엔플러스,074610,4790
새론오토모티브,075180,5480
세진중공업,075580,5900
유니퀘스트,077500,12100
STX엔진,077970,9600
텔코웨어,078000,10950
에이블씨엔씨,078520,6520
GS,078930,39100
GS우,078935,35000
CJ CGV,079160,25050
현대리바트,079430,15150
LIG넥스원,079550,68600
휴비스,079980,8590
일진다이아,081000,30350
휠라홀딩스,081660,35850
동양생명,082640,6600
HSD엔진,082740,8340
그린케미칼,083420,9270
대한제강,084010,15550
동양고속,084670,17250
이월드,084680,2680
대상홀딩스,084690,9700
대상홀딩스우,084695,11700
TBH글로벌,084870,2255
엔케이,085310,1045
미래에셋생명,085620,4005
현대글로비스,086280,168000
하나금융지주,086790,42050
이리츠코크렙,088260,5960
한화생명,088350,2935
진도,088790,2820
맥쿼리인프라,088980,14050
HDC현대EP,089470,5950
제주항공,089590,17600
롯데렌탈,089860,38100
평화산업,090080,1730
노루페인트,090350,14900
노루페인트우,090355,21100
메타랩스,090370,939
아모레퍼시픽,090430,167000
아모레퍼시픽우,090435,73200
세원이앤씨,091090,1140
KODEX 반도체,091160,39705
KODEX 은행,091170,7555
KODEX 자동차,091180,21235
TIGER 은행,091220,7885
TIGER 반도체,091230,40730
티웨이항공,091810,3200
디아이씨,092200,5570
KEC,092220,3710
KPX홀딩스,092230,63500
기신정기,092440,4240
동양피스톤,092780,6300
LF,093050,17250
이아이디,093230,302
형지엘리트,093240,3755
후성,093370,23100
효성ITX,094280,20000
맵스리얼티1,094800,4675
AJ네트웍스,095570,5410
웅진씽크빅,095720,3175
베트남개발1,096300,167
JW홀딩스,096760,3430
SK이노베이션,096770,238500
SK이노베이션우,096775,141000
한진중공업,097230,8040
엠씨넥스,097520,57500
CJ제일제당,097950,387500
CJ제일제당 우,097955,177500
TIGER 방송통신,098560,9630
KODEX 차이나H,099140,17350
비상교육,100220,7800
진양홀딩스,100250,3665
SNT에너지,100840,18550
KOSEF KRX100,100910,6305
SBS미디어홀딩스,101060,1930
인바이오젠,101140,3560
KODEX 일본TOPIX100,101280,17025
해태제과식품,101530,7970
TIGER 200,102110,39925
동성케미컬,102260,4795
쌍방울,102280,810
이연제약,102460,35550
KODEX 삼성그룹,102780,9950
KODEX 기계장비,102960,5610
KODEX 증권,102970,8180
풍산,103140,31150
일진전기,103590,5110
KOSEF 블루칩,104520,9870
KOSEF 고배당,104530,9800
한국철강,104700,7740
TIGER 라틴35,105010,3165
KINDEX 200,105190,40310
KB금융,105560,55000
한세실업,105630,21950
KBSTAR 5대그룹주,105780,7850
우진,105840,8240
미원홀딩스,107590,151500
KINDEX 삼성그룹섹터,108450,16545
TREX 200,108590,40915
LX하우시스,108670,61500
LX하우시스우,108675,28450
컨버즈,109070,4100
호전실업,111110,10150
영원무역,111770,43650
씨에스윈드,112610,65700
GKL,114090,13150
KBSTAR 국고채3년,114100,111910
KODEX 국고채3년,114260,57815
KINDEX 국고채3년,114460,105675
KOSEF 국고채3년,114470,111300
KODEX 인버스,114800,4005
TIGER 국채3년,114820,109620
락앤락,115390,11600
KODEX 에너지화학,117460,18555
대성에너지,117580,9150
KODEX 철강,117680,8470
TIGER 차이나항셍25,117690,14640
KODEX 건설,117700,3400
우리들휴브레인,118000,1505
KC코트렐,119650,6170
조선선재,120030,109500
코오롱인더,120110,70900
코오롱인더우,120115,34350
ARIRANG 코스피50,122090,28030
KOSEF 통안채1년,122260,101105
KODEX 레버리지,122630,23870
아이마켓코리아,122900,10700
TIGER 인버스,123310,4440
TIGER 레버리지,123320,22775
한국화장품,123690,8710
SJM,123700,4900
한국자산신탁,123890,4085
현대퓨처넷,126560,4215
대성산업,128820,4560
한미약품,128940,276000
인터지스,129260,3485
한전산업,130660,12200
TIGER 원유선물Enhanc,130680,3595
KOSEF 단기자금,130730,100905
KINDEX 삼성그룹동일,131890,17325
KODEX 골드선물(H),132030,12135
TIGER 미국나스닥100,133690,87800
화인베스틸,133820,3045
미원화학,134380,81200
시디즈,134790,61300
KBSTAR 중기우량회사,136340,104685
선진,136490,11500
에스디바이오센서,137310,55900
TIGER 농산물선물Enha,137610,6830
마이다스 200커버드콜,137930,14775
메리츠금융지주,138040,44000
KOSEF 미국달러선물,138230,12475
엔에스쇼핑,138250,12700
코오롱플라스틱,138490,13000
TIGER 삼성그룹펀더멘,138520,11920
TIGER LG그룹+펀더멘,138530,10650
TIGER 현대차그룹+펀,138540,24545
KODEX 구리선물(H),138910,8070
KODEX 콩선물(H),138920,11735
BNK금융지주,138930,8400
DGB금융지주,139130,9380
TIGER 200 건설,139220,2990
TIGER 200 중공업,139230,3140
TIGER 200 철강소재,139240,8780
TIGER 200 에너지화학,139250,18665
TIGER 200 IT,139260,37910
TIGER 200 금융,139270,7045
TIGER 경기방어,139280,10745
TIGER 200 경기소비재,139290,17545
TIGER 금속선물(H),139310,7240
TIGER 금은선물(H),139320,9455
이마트,139480,151000
KOSEF 미국달러선물인,139660,10030
아주스틸,139990,18500
KBSTAR 수출주,140570,12590
KBSTAR 우량업종,140580,11980
KODEX 보험,140700,6590
KODEX 운송,140710,5770
에이리츠,140910,8840
파워 코스피100,140950,30755
핸즈코퍼레이션,143210,4995
KINDEX 밸류대형,143460,9840
TIGER 미국S&P500선물,143850,56090
TIGER 헬스케어,143860,36765
KODEX 은선물(H),144600,4635
다이나믹디자인,145210,499
케이탑리츠,145270,1410
KINDEX 인버스,145670,4895
덴티움,145720,69800
TREX 펀더멘탈 200,145850,40805
삼양사,145990,62700
삼양사우,145995,40800
TIGER 모멘텀,147970,24845
KBSTAR 200,148020,40110
KOSEF 국고채10년,148070,119505
TIGER 중국소비테마,150460,7875
ARIRANG 200,152100,40665
KODEX 국채선물10년,152380,68840
KINDEX 레버리지,152500,9495
한국ANKOR유전,152550,1600
파워 200,152870,40910
KODEX 단기채권,153130,103110
KOSEF 코스피100,153270,30195
하이골드3호,153360,2660
DSR,155660,5730
바다로19호,155900,2965
KODEX MSCI Korea,156080,18715
TIGER 단기통안채,157450,100510
TIGER 소프트웨어,157490,16935
TIGER 증권,157500,4875
마이티 코스피100,159800,30305
TIGER 구리실물,160580,10420
애경케미칼,161000,10850
한국타이어앤테크놀로,161390,39700
ARIRANG 고배당주,161510,12505
한국콜마,161890,40250
동일고무벨트,163560,7530
TIGER 200커버드콜5%O,166400,14970
KOSEF 국고채10년레버,167860,126590
KTOP 코스피50,168300,28365
한국패러랠,168490,2135
KINDEX 중국본토CSI30,168580,32650
KODEX 차이나A50,169950,22750
동아에스티,170900,71600
TIGER 로우볼,174350,12220
KBSTAR 중국본토대형,174360,21740
JB금융지주,175330,8350
파워 중기국고채,176710,99430
KODEX 국채선물10년인,176950,47635
PI첨단소재,178920,55100
한진칼,180640,61400
한진칼우,18064K,34500
KINDEX 미국다우존스,181480,105250
NHN,181710,45000
TIGER 미국MSCI리츠(,182480,16610
TIGER 단기선진하이일,182490,12615
아세아시멘트,183190,122000
KBSTAR 채권혼합,183700,62845
KBSTAR 주식혼합,183710,43195
KODEX 미국S&P바이오(,185680,29470
종근당,185750,111000
ARIRANG 글로벌MSCI(,189400,18365
KINDEX 단기통안채,190620,100110
더블유게임즈,192080,57900
TIGER 차이나CSI300,192090,12100
쿠쿠홀딩스,192400,19150
드림텍,192650,12100
파워 고배당저변동성,192720,30560
코스맥스,192820,87400
제이에스코퍼레이션,194370,21400
해성디에스,195870,48850
TIGER 일본TOPIX(합성,195920,16475
TIGER 유로스탁스50(,195930,14575
ARIRANG 선진국MSCI(,195970,12385
ARIRANG 신흥국MSCI(,195980,11665
KINDEX 일본TOPIX레버,196030,22040
KBSTAR 단기통안채,196230,104805
KODEX 미국S&P산업재(,200030,22000
KOSEF 인도Nifty50(합,200250,18610
서연이화,200880,7050
TIGER 미국나스닥바이,203780,20710
모두투어리츠,204210,4750
만도,204320,63400
KODEX 차이나H레버리,204450,3860
TIGER 차이나CSI300레,204480,32975
KINDEX 일본TOPIX인버,205720,4155
삼성바이오로직스,207940,903000
SOL 선진국MSCI World,208470,19795
디와이파워,210540,12950
TIGER 코스피고배당,210780,15700
SK디앤디,210980,31750
TIGER 배당성장,211560,19290
KODEX 배당성장,211900,15560
한솔제지,213500,13500
KODEX 삼성그룹밸류,213610,9365
ARIRANG 미국다우존스,213630,16155
이노션,214320,55400
금호에이치티,214330,2115
경보제약,214390,10750
토니모리,214420,4715
KODEX 단기채권PLUS,214980,103435
HK S&P코리아로우볼,215620,12245
TIGER 원유선물인버스,217770,5000
TIGER 차이나CSI300인,217780,7175
TIGER 가격조정,217790,24845
KODEX 미국S&P에너지(,218420,7780
KBSTAR 미국S&P원유생,219390,4525
KODEX 미국S&P500선물,219480,23095
KINDEX 중국본토CSI30,219900,5765
SOL 중국본토 중소형,220130,6400
KODEX 200가치저변동,223190,10900
TIGER 미국S&P500선물,225030,3460
TIGER 미국S&P500레버,225040,38490
TIGER 유로스탁스레버,225050,10760
TIGER 이머징마켓MSCI,225060,12420
KINDEX 골드선물 레버,225130,16735
KOSEF 미국달러선물레,225800,9665
잇츠한불,226320,17700
KINDEX Fn성장소비주,226380,7820
KODEX 코스피,226490,30325
KODEX 200 중소형,226980,13920
TIGER 200 헬스케어,227540,22165
TIGER 200 산업재,227550,6245
TIGER 200 생활소비재,227560,9920
TIGER 우량가치,227570,11955
ARIRANG 코스피,227830,31085
현대코퍼레이션홀딩스,227840,11900
TIGER 화장품,228790,2795
TIGER 여행레저,228800,4820
TIGER 미디어컨텐츠,228810,9815
TIGER KTOP30,228820,10560
KODEX 코스닥 150,229200,15070
LS전선아시아,229640,7930
KODEX KTOP30,229720,21270
KOSEF 미국달러선물인,230480,7700
TIGER 코스닥150,232080,15360
TIGER 코스닥150 레버,233160,17795
KODEX 코스닥150 레버,233740,16525
JW생명과학,234080,13850
KBSTAR V&S셀렉트밸류,234310,15510
TIGER 인도니프티50레,236350,24745
KODEX 코스피100,237350,30745
KODEX 배당성장채권혼,237370,12055
TIGER 경기방어채권혼,237440,9565
ARIRANG 스마트베타Qu,238670,10995
KINDEX 일본Nikkei225,238720,19000
ARIRANG 우량회사채50,239660,108755
TIGER 일본니케이225,241180,17490
KBSTAR V&S셀렉트밸류,241390,12315
두산밥캣,241560,40750
화승엔터프라이즈,241590,16850
TIGER 200IT레버리지,243880,63100
TIGER 200에너지화학,243890,17690
KODEX 바이오,244580,12440
KODEX 모멘텀Plus,244620,13350
KODEX 퀄리티Plus,244660,10555
KODEX 밸류Plus,244670,9540
에이플러스에셋,244920,8850
TIGER 미국다우존스30,245340,21710
TIGER 유로스탁스배당,245350,13170
TIGER 차이나HSCEI,245360,10040
KINDEX 베트남VN30(합,245710,23245
솔루엠,248070,22450
샘표식품,248170,44750
TIGER 일본TOPIX헬스,248260,10970
TIGER S&P글로벌헬스,248270,19430
일동제약,249420,33600
KBSTAR 차이나HSCEI(H,250730,9340
TIGER 코스닥150선물,250780,4125
넷마블,251270,125000
KODEX 코스닥150선물,251340,4015
KODEX 선진국MSCI Wor,251350,21700
ARIRANG 고배당저변동,251590,11625
ARIRANG 고배당주채권,251600,11155
KINDEX 코스닥(합성),251890,14825
TIGER 200동일가중,252000,12410
KBSTAR 200선물레버리,252400,21725
KBSTAR 200선물인버스,252410,5165
KBSTAR 200선물인버스,252420,2165
KODEX 200동일가중,252650,12160
KODEX 200선물인버스2,252670,2160
TIGER 200선물인버스2,252710,2245
KBSTAR 모멘텀밸류,252720,14450
KBSTAR 모멘텀로우볼,252730,16055
ARIRANG 200선물레버,253150,43400
ARIRANG 200선물인버,253160,4345
KOSEF 200선물인버스2,253230,2145
KOSEF 200선물인버스,253240,5180
KOSEF 200선물레버리,253250,21490
KBSTAR 헬스케어,253280,14195
KBSTAR 헬스케어채권,253290,11955
KINDEX 인도네시아MSC,256440,9235
ARIRANG 심천차이넥스,256450,14880
KODEX 차이나심천ChiN,256750,15040
크래프톤,259960,460000
TIGER 코스닥150IT,261060,18690
TIGER 코스닥150바이,261070,10910
TIGER 미국달러선물레,261110,10230
TIGER 미국달러선물인,261120,8720
TIGER 우선주,261140,13535
KODEX WTI원유선물(H),261220,11950
KODEX 미국달러선물,261240,10515
KODEX 미국달러선물레,261250,10150
KODEX 미국달러선물인,261260,8750
KODEX 미국달러선물인,261270,9610
KINDEX 필리핀MSCI(합,261920,14870
크라운제과,264900,9180
크라운제과우,26490K,12650
KINDEX 러시아MSCI(합,265690,31585
KBSTAR 고배당,266160,12710
KODEX 미디어&엔터테,266360,24850
KODEX IT,266370,21845
KODEX 경기소비재,266390,11705
KODEX 필수소비재,266410,8330
KODEX 헬스케어,266420,16050
ARIRANG 중형주저변동,266550,11460
현대중공업지주,267250,53700
현대일렉트릭,267260,19900
현대건설기계,267270,40550
경동도시가스,267290,22600
KBSTAR 미국장기국채,267440,11655
KBSTAR 미국장기국채,267450,7835
KBSTAR 미국장기국채,267490,12895
KBSTAR 미국장기국채,267500,5905
TIGER 200선물레버리,267770,18030
아시아나IDT,267850,18100
미원에스씨,268280,218500
TIGER S&P글로벌인프,269370,11365
KODEX S&P글로벌인프,269420,12790
ARIRANG S&P글로벌인,269530,12245
ARIRANG 미국S&P500(H,269540,19835
KBSTAR KQ고배당,270800,15870
KBSTAR 코스닥150,270810,15125
KODEX WTI원유선물인,271050,7235
KODEX 3대농산물선물(,271060,11470
오리온,271560,103500
일진하이솔루스,271940,54500
제일약품,271980,33850
한화시스템,272210,16000
KINDEX 스마트모멘텀,272220,17135
KINDEX 스마트밸류,272230,15210
진에어,272450,16700
삼양패키징,272550,25000
KBSTAR 단기국공채액,272560,102395
KBSTAR 중장기국공채,272570,103050
TIGER 단기채권액티브,272580,50270
KINDEX 중장기국공채,272910,100120
KODEX 종합채권(AA-이,273130,108240
KODEX 단기변동금리부,273140,102910
KODEX MSCI모멘텀,275280,12760
KODEX MSCI밸류,275290,12790
KODEX MSCI퀄리티,275300,10380
KBSTAR 코스닥150선물,275750,4250
TIGER 글로벌4차산업,275980,19640
TIGER 글로벌자원생산,276000,14160
KBSTAR 글로벌4차산업,276650,25720
KODEX 미국S&P고배당,276970,10435
KODEX 글로벌4차산업,276990,19870
KINDEX S&P아시아TOP5,277540,14185
TIGER 코스피,277630,30705
TIGER 코스피대형주,277640,14700
TIGER 코스피중형주,277650,16990
KBSTAR 코스닥150선물,278240,17355
ARIRANG ESG우수기업,278420,9295
KODEX 200TR,278530,13080
KODEX MSCI Korea TR,278540,12860
ARIRANG 단기채권액티,278620,106180
KODEX 고배당,279530,10225
KODEX 최소변동성,279540,12350
KINDEX 미국IT인터넷S,280320,19840
롯데제과,280360,120500
ARIRANG 주도업종,280920,10740
KODEX 미국러셀2000(H,280930,14525
KODEX 골드선물인버스,280940,7195
케이씨텍,281820,24050
KBSTAR 중소형고배당,281990,12375
KBSTAR 국고채3년선물,282000,100475
BGF리테일,282330,145500
동아타이어,282690,12300
KODEX 차이나CSI300,283580,14840
KODEX 200미국채혼합,284430,13320
쿠쿠홈시스,284740,39200
KBSTAR 200금융,284980,9005
KBSTAR 200에너지화학,284990,12450
KBSTAR 200IT,285000,16925
KBSTAR 200중공업,285010,9765
KBSTAR 200철강소재,285020,8460
SK케미칼,285130,149000
SK케미칼우,28513K,88900
FOCUS ESG리더스,285690,11095
롯데정보통신,286940,36150
ARIRANG 미국나스닥테,287180,26875
KBSTAR 200건설,287300,12155
KBSTAR 200경기소비재,287310,10895
KBSTAR 200산업재,287320,11195
KBSTAR 200생활소비재,287330,7580
KODEX MSCI KOREA ESG,289040,11970
TIGER MSCI KOREA ESG,289250,12015
TIGER MSCI KOREA ESG,289260,11150
TIGER 200커버드콜ATM,289480,11220
ARIRANG 국채선물10년,289670,55850
KBSTAR 200고배당커버,290080,8060
KBSTAR ESG사회책임투,290130,13300
KINDEX 멕시코MSCI(합,291130,10650
KOSEF 코스닥150선물,291620,7310
KOSEF 코스닥150선물,291630,7445
KBSTAR 차이나H선물인,291680,11995
KODEX MSCI EM선물(H),291890,9795
KBSTAR KRX300,292050,18795
TIGER TOP10,292150,13515
TIGER KRX300,292160,18595
KODEX KRX300,292190,18630
마이티 200커버드콜AT,292340,10350
SOL KRX300,292500,18655
TIGER 일본엔선물,292560,10170
FOCUS KRX300,292730,18725
ARIRANG KRX300,292750,18600
KODEX 국채선물3년인,292770,50065
HANARO 200,293180,39935
하나제약,293480,20150
신한알파리츠,293940,7950
KOSEF 200TR,294400,47515
HDC현대산업개발,294870,22900
KBSTAR 국채선물10년,295000,54850
KBSTAR 국채선물10년,295020,48270
SOL 200TR,295040,13655
ARIRANG 200동일가중,295820,11150
효성화학,298000,303500
효성티앤씨,298020,521000
효성중공업,298040,58300
효성첨단소재,298050,596000
ARIRANG 국채선물3년,298340,53410
에어부산,298690,2260
KODEX 한국대만IT프리,298770,21150
KINDEX 국채선물10년,299070,96715
KINDEX 국채선물3년인,299080,100185
TIGER K게임,300610,19430
KBSTAR 게임테마,300640,22450
한일시멘트,300720,21000
KODEX 게임산업,300950,17420
ARIRANG 코스닥150,301400,15215
ARIRANG 코스닥150선,301410,6385
ARIRANG 코스피중형주,301440,12470
TIGER 중장기국채,302190,51300
SK바이오사이언스,302440,225000
KBSTAR 코스피,302450,30405
KODEX 미국채울트라30,304660,12470
KODEX 미국채울트라30,304670,7270
HANARO KRX300,304760,18380
HANARO 코스닥150,304770,15180
HANARO 200선물레버리,304780,26150
KODEX 미국나스닥100,304940,20910
KINDEX 코스피,305050,30680
TIGER 미국채10년선물,305080,12150
TIGER 2차전지테마,305540,23160
KODEX 2차전지산업,305720,22290
세아제강,306200,95600
HANARO 200선물인버스,306520,9230
HANARO 코스닥150선물,306530,14960
KODEX KRX300레버리지,306950,18940
KBSTAR KRX300레버리,307010,18860
TIGER 의료기기,307510,19540
TIGER 지주회사,307520,10920
현대오토에버,307950,138000
센트랄모텍,308170,22500
KODEX 미국채10년선물,308620,11855
ARIRANG KRX300헬스케,309210,11270
KINDEX 미국WideMoat,309230,18485
KBSTAR 중국MSCI Chin,310080,10685
TIGER 200TR,310960,21305
TIGER MSCI Korea TR,310970,16105
KODEX 미국FANG플러스,314250,29365
HANARO 농업융복합산,314700,11785
TIGER 200커뮤니케이,315270,30710
KBSTAR 200커뮤니케이,315480,19225
KODEX Top5PlusTR,315930,19395
KBSTAR 대형고배당10T,315960,16460
우리금융지주,316140,12700
KINDEX 싱가포르리츠,316300,12295
KOSEF 코스닥150,316670,7595
자이에스앤디,317400,9250
TIGER 골드선물(H),319640,12965
KBSTAR KRX300미국달,319870,15745
KODEX 멀티에셋하이인,321410,10965
현대에너지솔루션,322000,21400
KINDEX 스마트퀄리티,322120,18165
KINDEX 스마트로우볼,322130,16760
KINDEX 스마트하이베,322150,14770
HANARO e커머스,322400,17590
HANARO 고배당,322410,11325
카카오뱅크,323410,59000
KODEX Fn성장,325010,17630
KODEX 배당가치,325020,13340
SK바이오팜,326030,97200
KBSTAR 내수주플러스,326230,9960
KBSTAR IT플러스,326240,22715
ARIRANG 코스피TR,328370,15240
현대중공업,329180,95200
TIGER 부동산인프라고,329200,6055
KODEX TRF3070,329650,11620
KODEX TRF5050,329660,12800
KODEX TRF7030,329670,13970
TIGER 미국달러단기채,329750,10170
롯데리츠,330590,5550
KOSEF Fn중소형,331910,23920
KINDEX 200TR,332500,24525
ARIRANG 미국단기우량,332610,100155
ARIRANG 미국장기우량,332620,105495
HANARO 200TR,332930,47745
HANARO MSCI Korea TR,332940,16125
ARIRANG KS로우볼가중,333940,13600
ARIRANG KS로우사이즈,333950,17280
ARIRANG KS모멘텀가중,333960,15555
ARIRANG KS밸류가중TR,333970,16350
ARIRANG KS퀄리티가중,333980,15735
KBSTAR 팔라듐선물(H),334690,11255
KBSTAR 팔라듐선물인,334700,5405
이지스밸류리츠,334890,5880
KBSTAR 금융채액티브,336160,102685
두산퓨얼셀,336260,48000
두산퓨얼셀1우,33626K,14500
두산퓨얼셀2우B,33626L,17300
솔루스첨단소재,336370,89300
솔루스첨단소재1우,33637K,22750
솔루스첨단소재2우B,33637L,28100
KODEX Fn멀티팩터,337120,14095
KODEX 코스피대형주,337140,14135
KODEX 200exTOP,337150,13515
KODEX 200ESG,337160,14410
NH프라임리츠,338100,4780
교촌에프앤비,339770,16600
TIGER KIS부동산인프,341850,5780
KINDEX 모닝스타싱가,342140,10085
KCC글라스,344820,59900
HANARO KAP초장기국고,346000,44675
제이알글로벌리츠,348950,5330
이지스레지던스리츠,350520,5220
KODEX TSE일본리츠(H),352540,13115
KODEX 다우존스미국리,352560,15840
하이브,352820,349000
대덕전자,353200,24900
대덕전자1우,35320K,15300
KBSTAR 미국고정배당,354240,10840
HANARO 글로벌럭셔리S,354350,19790
KINDEX 코스닥150,354500,15245
KINDEX KIS종합채권(A,356540,98000
코람코에너지리츠,357120,6490
미래에셋맵스리츠,357250,4900
TIGER CD금리투자KIS(,357870,50565
KODEX 코스피TR,359210,14005
KODEX 200롱코스닥150,360140,10035
KODEX 코스닥150롱코,360150,9260
KINDEX 미국S&P500,360200,14440
TIGER 미국S&P500,360750,14350
KBSTAR 200TR,361580,20615
KBSTAR 코스피ex200,361590,14370
SK아이이테크놀로지,361610,168000
티와이홀딩스,363280,28200
티와이홀딩스우,36328K,23100
SOL KIS단기통안채,363510,100595
KODEX 장기종합채권(A,363570,95310
KODEX 200IT TR,363580,14290
KODEX 혁신기술테마액,364690,13230
TIGER KRX BBIG K-뉴,364960,11485
TIGER KRX바이오K-뉴,364970,8610
TIGER KRX2차전지K-뉴,364980,16615
TIGER KRX게임K-뉴딜,364990,12570
TIGER KRX인터넷K-뉴,365000,11145
TIGER AI코리아그로스,365040,13400
ESR켄달스퀘어리츠,365550,6330
KINDEX 국고채10년,365780,95015
KINDEX 미국나스닥100,367380,15075
HANARO Fn5G산업,367740,13915
KBSTAR Fn5G테크,367760,11040
KBSTAR Fn수소경제테,367770,11385
HANARO Fn K-뉴딜디지,368190,11610
KBSTAR Fn K-뉴딜디지,368200,11630
KINDEX Fn K-뉴딜디지,368470,13915
KBSTAR 미국나스닥100,368590,14620
KODEX Fn K-뉴딜디지,368680,11625
KINDEX 블룸버그베트,371130,21705
KBSTAR 차이나항셍테,371150,7235
TIGER 차이나항셍테크,371160,7205
TIGER 글로벌클라우드,371450,11350
TIGER 차이나전기차SO,371460,17730
TIGER 차이나바이오테,371470,9905
KINDEX 차이나항셍테,371870,7115
KODEX 차이나항셍테크,372330,7225
한컴라이프케어,372910,8870
KODEX K-이노베이션액,373490,11505
ARIRANG 신흥국MSCI인,373530,9555
KOSEF 미국방어배당성,373790,12860
KBSTAR 글로벌데이터,375270,13205
DL이앤씨,375500,119000
DL이앤씨우,37550K,69800
HANARO 탄소효율그린,375760,9760
KODEX 탄소효율그린뉴,375770,9810
ARIRANG 탄소효율그린,376250,9785
TIGER 탄소효율그린뉴,376410,9815
디앤디플랫폼리츠,377190,5400
카카오페이,377300,174500
TIGER Fn신재생에너지,377990,9640
화승알앤에이,378850,5140
KBSTAR 미국S&P500,379780,12470
KBSTAR 유로스탁스50(,379790,11030
KODEX 미국S&P500TR,379800,12560
KODEX 미국나스닥100T,379810,12910
KINDEX Fn5G플러스,380340,9815
엔에이치스팩19호,380440,2065
TIGER 미국테크TOP10,381170,13265
TIGER 미국필라델피아,381180,12825
HANARO Fn전기&수소차,381560,9595
HANARO Fn친환경에너,381570,10580
케이카,381970,34100
F&F,383220,945000
LX홀딩스,383800,10000
LX홀딩스1우,38380K,15200
KODEX K-신재생에너지,385510,11955
KODEX K-미래차액티브,385520,11605
KBSTAR KIS종합채권(A,385540,99815
KBSTAR KIS단기종합채,385550,100320
KBSTAR KIS국고채30년,385560,98750
네비게이터 ESG액티브,385590,9450
네비게이터 친환경자,385600,11490
TIMEFOLIO BBIG액티브,385710,11390
TIMEFOLIO Kstock액티,385720,10605
TIGER 글로벌BBIG액티,387270,12270
TIGER 퓨처모빌리티액,387280,12150
KBSTAR Fn컨택트대표,388280,9495
KBSTAR 비메모리반도,388420,11360
KODEX 미국반도체MV,390390,12630
KODEX 미국스마트모빌,390400,9335
HANARO 단기채권액티,390950,100355
KINDEX 미국스팩&IPO,391590,9430
KINDEX 미국친환경그,391600,10040
HK 베스트일레븐액티,391670,9705
HK 하이볼액티브,391680,9225
KOSEF 릭소글로벌디지,394340,10150
KOSEF 릭소글로벌퓨처,394350,12025
TIGER 글로벌자율주행,394660,11700
TIGER 글로벌리튬&2차,394670,11425
KODEX Fn웹툰&드라마,395150,9555
KODEX Fn시스템반도체,395160,10595
KODEX Fn Top10동일가,395170,8930
HANARO Fn K-반도체,395270,10875
HANARO Fn K-게임,395280,10410
HANARO Fn K-POP&미디,395290,10610
SK리츠,395400,6160
ARIRANG ESG가치주액,395750,9530
ARIRANG ESG성장주액,395760,9695
TIGER Fn반도체TOP10,396500,10495
TIGER 차이나클린에너,396510,10325
TIGER 차이나반도체FA,396520,9560
미래에셋글로벌리츠,396690,5550
KBSTAR 국채선물5년추,397410,50730
KBSTAR 국채선물5년추,397420,49425
SOL 미국S&P500ESG,399110,11090
KBSTAR 글로벌클린에,399580,9075
KODEX 유럽탄소배출권,400570,12715
SOL 유럽탄소배출권선,400580,12675
SOL 글로벌탄소배출권,400590,12190
NH올원리츠,400760,5190
TIGER Fn메타버스,400970,12775
KBSTAR iSelect메타버,401170,12250
KODEX K-메타버스액티,401470,13355
HANARO 글로벌탄소배,401590,11910
SK스퀘어,402340,66400
HANARO Fn K-메타버스,402460,12315
FOCUS 혁신기업액티브,402520,9920
KINDEX 미국고배당S&P,402970,10620
마이다스 KoreaStock,403790,20770
KBSTAR KRX기후변화솔,403990,10080
TIMEFOLIO 탄소중립액,404120,9770
KODEX KRX기후변화솔,404260,10065
HANARO KRX기후변화솔,404470,10055
TIGER KRX기후변화솔,404540,10100
SOL KRX기후변화솔루,404650,10055
신한서부티엔디리츠,404990,5000
MASTER 테크미디어텔,407160,10505
MASTER 스마트커머스,407170,9770
HANARO Fn골프테마,407300,9460
HANARO 200 TOP10,407310,9735
에셋플러스 코리아플,407820,10025
에셋플러스 글로벌플,407830,9130
KODEX 미국나스닥100,409810,9870
KODEX 미국나스닥100,409820,10145
TIMEFOLIO K컬처액티,410870,10030
네비게이터 글로벌메,411050,10330
KINDEX KRX금현물,411060,10095
KODEX 미국메타버스나,411420,10145
SOL 200 Top10,411540,9855
KBSTAR 글로벌메타버,411720,10340
KOSEF 독일DAX,411860,10255
TIGER KRX BBIG K-뉴,412560,9375
TIGER KRX2차전지K-뉴,412570,9885
TIGER 글로벌메타버스,412770,10300
SOL 차이나태양광CSI(,413220,9935
엘브이엠씨홀딩스,900140,3640
프레스티지바이오파마,950210,20850
신한 K200 USD 선물,500001,13385
신한 USD K200 선물,500002,5010
신한 인버스 WTI원유,500003,4480
신한 브렌트원유 선물,500004,9895
신한 인버스 브렌트원,500005,3885
신한 인버스 금 선물,500006,6570
신한 인버스 은 선물,500007,4980
신한 인버스 구리 선,500008,5335
신한 다우존스지수 선,500009,21905
신한 인버스 다우존스,500010,3720
신한 달러인덱스 선물,500011,10660
신한 인버스 달러인덱,500012,9235
신한 옥수수 선물 ETN,500013,9860
신한 인버스 옥수수,500014,7650
신한 WTI원유 선물 ET,500015,5595
신한 금 선물 ETN(H),500016,13660
신한 은 선물 ETN(H),500017,12395
신한 구리 선물 ETN(H,500018,19205
신한 레버리지 WTI원,500019,900
신한 레버리지 다우존,500020,38940
신한 콩 선물 ETN(H),500023,11325
신한 인버스 콩 선물,500024,7680
신한 인버스 2X WTI원,500027,350
신한 인버스 2X 다우,500028,1925
신한 레버리지 은 선,500029,8395
신한 인버스 2X 은 선,500030,2525
신한 인버스 2X 천연,500032,1975
신한 레버리지 미국달,500035,11870
신한 인버스 2X 미국,500036,7255
신한 레버리지 금 선,500037,16550
신한 인버스 2X 금 선,500038,5255
신한 레버리지 구리,500040,22575
신한 인버스 2X 구리,500041,2670
신한 레버리지 S&P500,500050,23265
신한 인버스 2X S&P50,500051,2500
신한 레버리지 천연가,500053,6175
신한 인버스 2X 천연,500054,2945
신한 인버스 Russell,500055,8235
신한 레버리지 Russel,500056,14900
신한 인버스 2X Russe,500057,6060
신한 S&P500 VIX S/T,500058,7485
신한 FnGuide 메타버,500059,12560
신한 코스피 200 ETN,500060,10120
신한 인버스 코스피 2,500061,9680
신한 코스닥 150 ETN,500062,10535
신한 인버스 코스닥 1,500063,9240
대신 WTI원유 선물 ET,510001,7700
대신 아연선물 ETN(H),510002,13405
대신 니켈선물 ETN(H),510003,19035
대신 인버스 아연선물,510004,6755
대신 2X 아연선물 ETN,510005,11105
대신 인버스 니켈선물,510006,4265
대신 2X 니켈선물 ETN,510007,21075
대신 철광석 선물 ETN,510008,40770
대신 인버스 철광석,510009,1300
대신 인버스 2X 니켈,510010,2915
대신 골드 커버드콜,510011,13370
대신 알루미늄 선물 E,510014,12265
대신 밀 선물 ETN(H),510015,11005
대신 천연가스 선물 E,510016,12170
대신 2X 철광석 선물,510017,12435
대신 인버스 알루미늄,510018,9280
대신 인버스 천연가스,510019,9300
미래에셋 원자재 선물,520003,11730
미래에셋 전기전자 Co,520004,35485
미래에셋 인버스 전기,520005,2155
미래에셋 에너지화학,520006,14910
미래에셋 인버스 에너,520007,4740
미래에셋 레버리지 원,520009,6340
미래에셋 원유선물혼,520010,21980
미래에셋 인버스 원유,520011,6270
미래에셋 Q150 Core5,520013,11170
미래에셋 미디어엔터,520014,16115
미래에셋 인버스 미디,520015,9830
미래에셋 코스피 양매,520026,8595
미래에셋 KRX금현물 A,520030,10475
미래에셋 K200 Auto-K,520032,11360
미래에셋 레버리지 은,520033,16730
미래에셋 인버스 2X,520034,23220
미래에셋 KRX금 Auto-,520035,10660
미래에셋 KRX 금Auto-,520036,9465
미래에셋 코스피200,520037,10230
미래에셋 인버스 코스,520038,9690
미래에셋 코스닥150,520039,10720
미래에셋 인버스 코스,520040,9245
미래에셋 코스닥150 A,520041,11515
미래에셋 코스닥150 A,520042,8400
미래에셋 S&P 유럽탄,520043,13435
미래에셋 K200 Auto-K,520044,9740
미래에셋 K200 Auto-K,520045,10010
미래에셋 레버리지 옥,520046,21425
미래에셋 인버스 2X,520047,19045
삼성 인버스 China A5,530002,8585
삼성 China A50 선물,530014,17955
삼성 미국 대형 성장,530015,25325
삼성 미국 대형 가치,530016,16595
삼성 미국 대형 성장,530019,26160
삼성 미국 대형 가치,530020,17160
삼성 레버리지 China,530023,50470
삼성 레버리지 WTI원,530031,1130
삼성 인버스 2X WTI원,530036,355
삼성 코스피 풋매도 E,530053,11580
삼성 레버리지 금 선,530055,29810
삼성 인버스 2X 금 선,530056,9460
삼성 코스피 양매도 5,530060,8605
삼성 레버리지 은 선,530061,13920
삼성 인버스 2X 은 선,530062,1735
삼성 레버리지 구리,530063,20185
삼성 인버스 2X 구리,530064,2735
삼성 코스피 풋매도 4,530066,11260
삼성 KRX 금현물 ETN,530067,12105
삼성 레버리지 천연가,530068,11115
삼성 인버스 2X 천연,530069,7665
삼성 레버리지 나스닥,530070,16555
삼성 인버스 2X 나스,530071,5125
삼성 S&P500 VIX S/T,530072,7125
삼성 HSCEI ETN(H),530073,7325
삼성 인버스 HSCEI ET,530074,12965
삼성 레버리지 HSCEI,530075,5165
삼성 인버스 2X HSCEI,530076,16060
삼성 나스닥 100 ETN(,530077,11740
삼성 인버스 나스닥 1,530078,8315
삼성 항셍테크 ETN(H),530079,7415
삼성 인버스 항셍테크,530080,12510
삼성 레버리지 항셍테,530081,5145
삼성 인버스 2X 항셍,530082,14680
삼성 금 선물 ETN(H),530083,9930
삼성 인버스 금 선물,530084,9940
삼성 KRX BBIG K-뉴딜,530085,8390
삼성 레버리지 KRX BB,530086,6755
삼성 KRX 2차전지 K-,530087,9360
삼성 레버리지 KRX 2,530088,8490
삼성 은 선물 ETN(H),530089,9110
삼성 인버스 은 선물,530090,10725
삼성 코스피 200 ETN,530091,10135
삼성 인버스 코스피 2,530092,9685
삼성 코스닥 150 ETN,530093,10590
삼성 인버스 코스닥 1,530094,9275
삼성 구리 선물 ETN(H,530095,10025
삼성 인버스 구리 선,530096,9875
QV 미국 IT TOP5 ETN(,550041,34310
QV 레버리지 WTI원유,550042,870
QV 인버스 레버리지 W,550043,320
QV 레버리지 S&P500 E,550044,31300
QV 인버스 레버리지 S,550045,1665
QV 코스피 변동성 매,550057,8260
QV iSelect 글로벌 EM,550059,10965
QV S&P500 VIX S/T 선,550060,7500
QV 인버스 미국 IT TO,550061,8925
QV 레버리지 금 선물,550062,19580
QV 인버스 레버리지,550063,19630
QV 레버리지 은 선물,550064,16280
QV 인버스 레버리지,550065,22590
QV S&P500 버퍼10% 9,550066,10320
QV 코스피 200 ETN,550067,40740
QV 코스닥 150 ETN,550068,15885
QV 레버리지 구리 선,550069,20170
QV 인버스 레버리지,550070,19395
TRUE 코스피 양매도 5,570019,8935
TRUE 레버리지 S&P500,570022,30035
TRUE 인버스 2X S&P50,570023,1690
TRUE 인버스 유로스탁,570025,5530
TRUE 인버스 2X 유로,570027,2725
TRUE 인버스 HSCEI ET,570028,11335
TRUE 코스피 양매도 3,570029,8480
TRUE 레버리지 HSCEI,570031,5995
TRUE 인버스 2X HSCEI,570032,8950
TRUE 인버스 나스닥 1,570042,3960
TRUE 레버리지 나스닥,570043,35795
TRUE 인버스 2X 나스,570044,1315
TRUE 레버리지 천연가,570045,5750
TRUE 인버스 2X 천연,570046,6000
TRUE FTSE100 ETN,570047,14310
TRUE 유로스탁스50 양,570048,10590
TRUE S&P500 양매도 4,570049,11185
TRUE S&P500 선물 ETN,570050,14300
TRUE 나스닥 100 ETN,570051,14785
TRUE 플래티넘 선물 E,570052,8085
TRUE 인버스 플래티넘,570053,13045
TRUE 레버리지 유로스,570054,12760
TRUE 금 선물 ETN,570055,10290
TRUE 인버스 금 선물,570056,10565
TRUE 은 선물 ETN,570057,8750
TRUE 인버스 은 선물,570058,12095
TRUE 레버리지 금 선,570059,20315
TRUE 인버스 2X 금 선,570060,20380
TRUE 레버리지 은 선,570061,16765
TRUE 인버스 2X 은 선,570062,23085
TRUE 베트남 VN30 선,570063,10535
TRUE 인버스 베트남 V,570064,9425
TRUE 레버리지 베트남,570065,22210
TRUE 인버스 2X 베트,570066,17505
TRUE 코스피 200 ETN,570067,10125
TRUE 코스닥 150 ETN,570068,10580
TRUE 구리 선물 ETN,570071,10140
TRUE 레버리지 구리,570072,20280
TRUE 인버스 2X 구리,570073,19675
TRUE S&P 유럽탄소배,570074,13605
KB Wise 분할매매 ETN,580010,11250
KB FnGuide 언택트 ET,580011,14105
KB KRX ESG Eco ETN,580013,12130
KB 인버스 2X 나스닥,580014,5570
KB 레버리지 나스닥 1,580015,18045
KB 레버리지 S&P 500,580016,13455
KB 인버스 2X S&P 500,580017,7530
KB 레버리지 항셍테크,580018,4245
KB 인버스 2X 항셍테,580019,17950
KB 천연가스 선물 ETN,580020,12200
KB 인버스 천연가스,580021,13845
KB 레버리지 금 선물,580022,19610
KB 인버스 2X 금 선물,580023,19620
KB 레버리지 KRX BBIG,580024,6785
KB 레버리지 KRX 2차,580025,8485
KB 레버리지 은 선물,580026,16300
KB 인버스 2X 은 선물,580027,22575
KB KOSPI 200 선물 ET,580028,10270
KB 인버스 KOSPI 200,580029,9660
KB KOSDAQ 150 선물 E,580030,10725
KB 인버스 KOSDAQ150,580031,9240
KB 레버리지 구리 선,580032,20030
KB 인버스 2X 구리 선,580033,19370
미래에셋 중국 심천 1,590018,20480
메리츠 인플레이션 국,610001,10270
메리츠 레버리지 인플,610002,10475
메리츠 미국 인플레이,610003,10585
메리츠 미국레버리지,610004,11140
메리츠 레버리지 KRX3,610005,8530
메리츠 인버스 2X KRX,610006,11190
메리츠 국채30년 ETN,610007,9370
메리츠 레버리지 국채,610008,8705
메리츠 인버스 국채30,610009,10635
메리츠 인버스 2X 국,610010,11310
메리츠 금 선물 ETN(H,610011,9885
메리츠 레버리지 금,610012,19400
메리츠 인버스 2X 금,610013,20055
메리츠 은 선물 ETN(H,610014,9115
메리츠 인버스 은 선,610015,10735
메리츠 레버리지 은,610016,16290
메리츠 인버스 2X 은,610017,22605
메리츠 국채10년 ETN,610018,10270
메리츠 레버리지 국채,610019,10520
메리츠 인버스 국채10,610020,9745
메리츠 인버스 2X 국,610021,9485
메리츠 미국채10년 ET,610022,10060
메리츠 레버리지 미국,610023,10090
메리츠 인버스 미국채,610024,9945
메리츠 인버스 2X 미,610025,9875
메리츠 구리 선물 ETN,610026,10040
메리츠 인버스 구리,610027,9880
메리츠 레버리지 구리,610028,20010
메리츠 인버스 2X 구,610029,19460
메리츠 S&P 유럽탄소,610030,13605
메리츠 S&P 유럽탄소,610031,13435
메리츠 CSI 300 ETN,610032,10045
메리츠 STAR 50 ETN,610033,9320
메리츠 대표 농산물,610034,10330
메리츠 레버리지 대표,610035,21470
메리츠 인버스 2X 대,610036,18540
하나 코스피 변동성추,700001,7985
하나 KRX300 ETN,700002,10585
하나 KRX BBIG K-뉴딜,700003,8620
하나 레버리지 KRX BB,700004,6755
하나 코스닥150 선물,700007,10685
하나 인버스 코스닥15,700008,9225
하나 레버리지 구리,700009,20010
하나 인버스 2X 구리,700010,19370
하나 레버리지 옥수수,700011,21140
하나 인버스 2X 옥수,700012,18730
하나 레버리지 콩 선,700013,23085
하나 인버스 2X 콩 선,700014,17140
